all_awardings,associated_award,author,author_flair_background_color,author_flair_css_class,author_flair_richtext,author_flair_template_id,author_flair_text,author_flair_text_color,author_flair_type,author_fullname,author_patreon_flair,author_premium,awarders,body,collapsed_because_crowd_control,collapsed_reason_code,comment_type,created_utc,gildings,id,is_submitter,link_id,locked,no_follow,parent_id,permalink,retrieved_on,score,send_replies,stickied,subreddit,subreddit_id,top_awarded_type,total_awards_received,treatment_tags,archived,body_sha1,can_gild,collapsed,collapsed_reason,controversiality,distinguished,gilded,retrieved_utc,score_hidden,subreddit_name_prefixed,subreddit_type
[],,icescoop,,,[],,,,text,t2_66wgv,False,False,[],More than that - IV crush + all below strikes lmao,,,,1628804879,{},h8phqkd,False,t3_p3719y,False,True,t1_h8pgnnd,/r/wallstreetbets/comments/p3719y/sofi_20k_820_options_up_70_but_holding_through/h8phqkd/,1628883473.0,2,True,False,wallstreetbets,t5_2th52,,0,[],,,,,,,,,,,,
[],,geniusmanchild,,,"[{'e': 'text', 't': 'Mid-40s Potbellied Hedge Fund MD'}]",,Mid-40s Potbellied Hedge Fund MD,dark,richtext,t2_cenp15yj,False,True,[],Slide into her DMs on LinkedIn,,,,1628804876,{},h8phqbw,False,t3_p37krv,False,False,t1_h8phmm8,/r/wallstreetbets/comments/p37krv/what_are_your_moves_tomorrow_august_13_2021/h8phqbw/,1628883469.0,9,True,False,wallstreetbets,t5_2th52,,0,[],,,,,,,,,,,,
[],,wsb_moonshot,transparent,,"[{'e': 'text', 't': '""I do not bathe""'}]",78806c26-46a2-11e9-82c1-0ee7a9b74720,"""I do not bathe""",dark,richtext,t2_a0r2uwv8,False,True,[],"nah, they have a half-life",,,,1628804874,{},h8phq5b,False,t3_p37krv,False,True,t1_h8pfgk4,/r/wallstreetbets/comments/p37krv/what_are_your_moves_tomorrow_august_13_2021/h8phq5b/,1628883467.0,1,True,False,wallstreetbets,t5_2th52,,0,[],,,,,,,,,,,,
[],,[deleted],,,,,,dark,,,,,[],[removed],,DELETED,,1628804873,{},h8phq22,False,t3_p37krv,False,True,t1_h8pho0m,/r/wallstreetbets/comments/p37krv/what_are_your_moves_tomorrow_august_13_2021/h8phq22/,1628883466.0,0,True,False,wallstreetbets,t5_2th52,,0,[],,,,,,,,,,,,
[],,Aggravating_Exit_332,,,[],,,,text,t2_c3eigi8p,False,False,[],Puts huh?  You should be good getting out early tomorrow.,,,,1628804872,{},h8phpza,False,t3_p37krv,False,True,t1_h8phk1r,/r/wallstreetbets/comments/p37krv/what_are_your_moves_tomorrow_august_13_2021/h8phpza/,1628883464.0,-1,True,False,wallstreetbets,t5_2th52,,0,[],,,,,,,,,,,,
[],,Kitchen_Pin_4360,,,[],,,,text,t2_abgvzqg7,False,False,[],I really $WISH I would have never found WSB,,,,1628804872,{},h8phpyh,False,t3_p396oe,False,False,t3_p396oe,/r/wallstreetbets/comments/p396oe/i_really_wish_things_change_for_the_better_soon/h8phpyh/,1628883464.0,21,True,False,wallstreetbets,t5_2th52,,0,[],,,,,,,,,,,,
[],,holdingtankers,transparent,,"[{'e': 'text', 't': 'Ask me about Tanker Gang'}]",cc183114-b65f-11eb-b127-0ed4b24d2baf,Ask me about Tanker Gang,dark,richtext,t2_808cq0bj,False,False,[],Might have to take my portfolio behind the woodshed and finally put it down,,,,1628804871,{},h8phpwm,False,t3_p37krv,False,False,t3_p37krv,/r/wallstreetbets/comments/p37krv/what_are_your_moves_tomorrow_august_13_2021/h8phpwm/,1628883463.0,7,True,False,wallstreetbets,t5_2th52,,0,[],,,,,,,,,,,,
[],,ignatztempotypo,,,[],,,,text,t2_ttew2,False,False,[],Ditto,,,,1628804867,{},h8phpk6,False,t3_p3973c,False,False,t1_h8pg0j6,/r/wallstreetbets/comments/p3973c/wish_fml_im_broke/h8phpk6/,1628883458.0,4,True,False,wallstreetbets,t5_2th52,,0,[],,,,,,,,,,,,
[],,Bxdwfl,,,[],,,,text,t2_ybrjg,False,False,[],Cb?,,,,1628804866,{},h8phpgb,False,t3_p37krv,False,True,t1_h8phhrp,/r/wallstreetbets/comments/p37krv/what_are_your_moves_tomorrow_august_13_2021/h8phpgb/,1628883456.0,1,True,False,wallstreetbets,t5_2th52,,0,[],,,,,,,,,,,,
[],,HwangBill,,,[],,,,text,t2_bw6ivf0u,False,True,[],dog at least you have shares. now you can buy back the covered calls you sold before earnings. you sold covered calls before earnings right?,,,,1628804865,{},h8phpd3,False,t3_p38uqm,False,True,t3_p38uqm,/r/wallstreetbets/comments/p38uqm/anyone_hiring_wish/h8phpd3/,1628883455.0,5,True,False,wallstreetbets,t5_2th52,,0,[],,,,,,,,,,,,
[],,docmodd,,,[],,,,text,t2_4o7q6twf,False,False,[],For what? I wanted thoughts on this.,,,,1628804865,{},h8phpbr,False,t3_p39o5l,False,True,t1_h8phjh4,/r/wallstreetbets/comments/p39o5l/keanu_inu/h8phpbr/,1628883454.0,-1,True,False,wallstreetbets,t5_2th52,,0,[],,,,,,,,,,,,
[],,CraftBeerDadBod,,,[],,,,text,t2_abbscdcn,False,False,[],F-,,,,1628804864,{},h8phpbd,False,t3_p3719y,False,False,t1_h8p2xy8,/r/wallstreetbets/comments/p3719y/sofi_20k_820_options_up_70_but_holding_through/h8phpbd/,1628883454.0,12,True,False,wallstreetbets,t5_2th52,,0,[],,,,,,,,,,,,
[],,adderallanalyst,,,[],,,,text,t2_wp090,False,False,[],You can honestly make that back in 1-2 weeks selling covered calls. It isn‚Äôt the worse.,,,,1628804861,{},h8php2r,False,t3_p37krv,False,True,t1_h8phd5b,/r/wallstreetbets/comments/p37krv/what_are_your_moves_tomorrow_august_13_2021/h8php2r/,1628883451.0,3,True,False,wallstreetbets,t5_2th52,,0,[],,,,,,,,,,,,
[],,SpammedAgain,,,[],,,,text,t2_gei0q,False,False,[],F,,,,1628804861,{},h8phozz,False,t3_p36eng,False,False,t1_h8p71jz,/r/wallstreetbets/comments/p36eng/liftoff_at_4et_sofi/h8phozz/,1628883450.0,5,True,False,wallstreetbets,t5_2th52,,0,[],,,,,,,,,,,,
[],,DestinyBreach,,,"[{'e': 'text', 't': 'Named his brother/son ""Nokia""'}]",,"Named his brother/son ""Nokia""",dark,richtext,t2_a1mem79c,False,False,[],"It's a dip due to fear of Covid-19 going away. Boomers think this will cause e-commerce to not be valued as much. However, e-commerce is the future and it is only going to grow. WIX is the platform the majority of people use to create e-commerce websites...this company will only grow whether Covid is around or not",,,,1628804859,{},h8phowe,False,t3_p37krv,False,True,t1_h8phdlz,/r/wallstreetbets/comments/p37krv/what_are_your_moves_tomorrow_august_13_2021/h8phowe/,1628883449.0,1,True,False,wallstreetbets,t5_2th52,,0,[],,,,,,,,,,,,
[],,sebach22,,,"[{'e': 'text', 't': 'ü¶ò'}]",,ü¶ò,dark,richtext,t2_1knqnaxv,False,False,[],Was ZIP a good earnings call? Why it up 15% ah,,,,1628804859,{},h8phosq,False,t3_p37krv,False,True,t3_p37krv,/r/wallstreetbets/comments/p37krv/what_are_your_moves_tomorrow_august_13_2021/h8phosq/,1628883447.0,2,True,False,wallstreetbets,t5_2th52,,0,[],,,,,,,,,,,,
[],,noarms51,,,"[{'e': 'text', 't': 'BORING ASS MFer'}]",,BORING ASS MFer,dark,richtext,t2_7jlsumfw,False,False,[],Fuck Airbnb fucking piece of shit garbage.   I‚Äôm sleeping in the nearest park on my next vacation,,,,1628804858,{},h8phosb,False,t3_p37krv,False,False,t3_p37krv,/r/wallstreetbets/comments/p37krv/what_are_your_moves_tomorrow_august_13_2021/h8phosb/,1628883447.0,53,True,False,wallstreetbets,t5_2th52,,0,[],,,,,,,,,,,,
[],,P1kmac,,,[],,,,text,t2_o5irv,False,False,[],I bought at $11 and bounced at $9. Just bought puts to recoup what that shit stock took.,,,,1628804856,{},h8pholw,False,t3_p3973c,False,False,t1_h8pe6tm,/r/wallstreetbets/comments/p3973c/wish_fml_im_broke/h8pholw/,1628883444.0,34,True,False,wallstreetbets,t5_2th52,,0,[],,,,,,,,,,,,
[],,IronSheets,,,[],,,,text,t2_o397rrz,False,False,[],"He's early, not wrong.",,,,1628804856,{},h8phok9,False,t3_p37krv,False,True,t1_h8phdv4,/r/wallstreetbets/comments/p37krv/what_are_your_moves_tomorrow_august_13_2021/h8phok9/,1628883443.0,1,True,False,wallstreetbets,t5_2th52,,0,[],,,,,,,,,,,,
[],,baddog_hotcar,,,[],,,,text,t2_9ax77wro,False,False,,Y tho?,,,,1628804856,{},h8phoju,False,t3_p39k8x,False,False,t3_p39k8x,/r/wallstreetbets/comments/p39k8x/wish_after_earnings/h8phoju/,,1,True,False,wallstreetbets,t5_2th52,,0,[],False,04d48edb13f7303aafa203f20e84780543e995ef,True,False,,0.0,,0.0,1628804871.0,False,r/wallstreetbets,public
[],,sc0tt_1990,,,[],,,,text,t2_2tc88qsw,False,False,[],"looks like quite a few ""speculators"" are now ""long term investors"".  you hate to see it.",,,,1628804855,{},h8phohi,False,t3_p37krv,False,False,t3_p37krv,/r/wallstreetbets/comments/p37krv/what_are_your_moves_tomorrow_august_13_2021/h8phohi/,1628883442.0,12,True,False,wallstreetbets,t5_2th52,,0,[],,,,,,,,,,,,
[],,LowHumCum,,,[],,,,text,t2_82kjhei5,False,False,[],"Uh oh, did someone forget to take their ssri‚Äôs again?",,,,1628804853,{},h8phoal,False,t3_p2ydw5,False,True,t1_h8pc24a,/r/wallstreetbets/comments/p2ydw5/daily_popular_tickers_thread_for_august_12_2021/h8phoal/,1628883440.0,1,True,False,wallstreetbets,t5_2th52,,0,[],,,,,,,,,,,,
[],,[deleted],,,,,,dark,,,,,[],[deleted],,DELETED,,1628804849,{},h8pho0m,False,t3_p37krv,False,True,t1_h8phj3j,/r/wallstreetbets/comments/p37krv/what_are_your_moves_tomorrow_august_13_2021/h8pho0m/,1628883436.0,0,True,False,wallstreetbets,t5_2th52,,0,[],,,,,,,,,,,,
[],,foxhalo,,,[],,,,text,t2_9sc4lv72,False,False,[],Biting that pillow hard,,,,1628804849,{},h8phnzw,False,t3_p3719y,False,False,t1_h8pfy16,/r/wallstreetbets/comments/p3719y/sofi_20k_820_options_up_70_but_holding_through/h8phnzw/,1628883435.0,6,True,False,wallstreetbets,t5_2th52,,0,[],,,,,,,,,,,,
[],,Moist_Lunch_5075,,,[],,,,text,t2_1jp6cw2f,False,False,[],Lucky! So lucky! Think the run's gonna stick?,,,,1628804847,{},h8phnsr,False,t3_p37krv,False,True,t1_h8pevyx,/r/wallstreetbets/comments/p37krv/what_are_your_moves_tomorrow_august_13_2021/h8phnsr/,1628883432.0,2,True,False,wallstreetbets,t5_2th52,,0,[],,,,,,,,,,,,
[],,[deleted],,,,,,dark,,,,,[],[removed],,DELETED,,1628804846,{},h8phnrv,False,t3_p39k8x,False,True,t3_p39k8x,/r/wallstreetbets/comments/p39k8x/wish_after_earnings/h8phnrv/,1628883432.0,2,True,False,wallstreetbets,t5_2th52,,0,[],,,,,,,,,,,,
[],,Slapmesillymusic,,,[],,,,text,t2_5vpor,False,False,[],"Are the earnings really that bad? 3,5% off projections. What where people actually expecting?",,,,1628804846,{},h8phnqx,False,t3_p38oq7,False,False,t1_h8pbfx7,/r/wallstreetbets/comments/p38oq7/here_you_go_you_sick_fucks_wish/h8phnqx/,1628883432.0,19,True,False,wallstreetbets,t5_2th52,,0,[],,,,,,,,,,,,
[],,VisualMod,#373c3f,,"[{'a': ':zjz_flair:', 'e': 'emoji', 'u': 'https://emoji.redditmedia.com/b30pkj66das41_t5_2th52/zjz_flair'}]",28fbe25a-7c59-11ea-965e-0e0a65cd3f97,:zjz_flair:,light,richtext,t2_6hf2z55l,False,True,[],I am a bot from /r/wallstreetbets. Your submission was removed because was too short. Please make it a comment if it's not worth expounding on.,,,,1628804842,{},h8phnbt,False,t3_p39ow9,False,True,t3_p39ow9,/r/wallstreetbets/comments/p39ow9/what_stock_should_i_buy_next/h8phnbt/,1628883425.0,1,True,False,wallstreetbets,t5_2th52,,0,[],,,,,,,,,,,,
[],,JinnPhD,,,"[{'e': 'text', 't': ""don't trust his vaccines""}]",,don't trust his vaccines,dark,richtext,t2_2n4vjcfu,False,True,[],ü¶óü¶óü¶óü¶ó,,,,1628804839,{},h8phn37,False,t3_p37krv,False,True,t1_h8phaut,/r/wallstreetbets/comments/p37krv/what_are_your_moves_tomorrow_august_13_2021/h8phn37/,1628883422.0,-1,True,False,wallstreetbets,t5_2th52,,0,[],,,,,,,,,,,,
[],,MrCFA,,,[],,,,text,t2_bqyds5vi,False,False,[],Proof or ban pussy,,,,1628804836,{},h8phmu7,False,t3_p37krv,False,False,t1_h8phhrp,/r/wallstreetbets/comments/p37krv/what_are_your_moves_tomorrow_august_13_2021/h8phmu7/,1628883418.0,7,True,False,wallstreetbets,t5_2th52,,0,[],,,,,,,,,,,,
[],,Ozzy4253,,,[],,,,text,t2_dke16e6n,False,False,[],"I still think of a girl I once had a crush on after nearly 10 years. How bad is this?

I've had crushes in the past but get over them after a while - esp once I stop seeing them. But this one girl I saw back in college she's been living rent free in my mind for almost 10 years. We only spoke once and shared two semesters...",,,,1628804833,{},h8phmm8,False,t3_p37krv,False,False,t3_p37krv,/r/wallstreetbets/comments/p37krv/what_are_your_moves_tomorrow_august_13_2021/h8phmm8/,1628883415.0,12,True,False,wallstreetbets,t5_2th52,,0,[],,,,,,,,,,,,
[],,TheCrimsonDove,,,[],,,,text,t2_d63wj,False,False,[],What 401k let's you trade spy,,,,1628804832,{},h8phmjk,False,t3_p37krv,False,True,t1_h8pgzbw,/r/wallstreetbets/comments/p37krv/what_are_your_moves_tomorrow_august_13_2021/h8phmjk/,1628883413.0,1,True,False,wallstreetbets,t5_2th52,,0,[],,,,,,,,,,,,
[],,TimeToGetTheBread,,,[],,,,text,t2_35dck98w,False,False,[],You might just be retarded,,,,1628804832,{},h8phmj5,False,t3_p37krv,False,False,t1_h8phjjf,/r/wallstreetbets/comments/p37krv/what_are_your_moves_tomorrow_august_13_2021/h8phmj5/,1628883413.0,6,True,False,wallstreetbets,t5_2th52,,0,[],,,,,,,,,,,,
[],,Substantial_Bid_7684,,,[],,,,text,t2_9t45froh,False,False,[],Oh shit! Selling everything and all in on wish!,,,,1628804832,{},h8phmiv,False,t3_p37krv,False,True,t1_h8phelx,/r/wallstreetbets/comments/p37krv/what_are_your_moves_tomorrow_august_13_2021/h8phmiv/,1628883413.0,1,True,False,wallstreetbets,t5_2th52,,0,[],,,,,,,,,,,,
[],,IronSheets,,,[],,,,text,t2_o397rrz,False,False,[],I will witness you.,,,,1628804830,{},h8phmd1,False,t3_p37krv,False,False,t1_h8phhrp,/r/wallstreetbets/comments/p37krv/what_are_your_moves_tomorrow_august_13_2021/h8phmd1/,1628883411.0,3,True,False,wallstreetbets,t5_2th52,,0,[],,,,,,,,,,,,
[],,snappySIG,,,[],,,,text,t2_4uj6vy09,False,False,[],"DIS calls, PYPL &amp; COIN puts‚Ä¶ easy money üíµ ü§ë",,,,1628804828,{},h8phm6q,False,t3_p37krv,False,False,t3_p37krv,/r/wallstreetbets/comments/p37krv/what_are_your_moves_tomorrow_august_13_2021/h8phm6q/,1628883409.0,5,True,False,wallstreetbets,t5_2th52,,0,[],,,,,,,,,,,,
[],,GivesCredit,,,"[{'e': 'text', 't': 'ü¶ç'}]",,ü¶ç,dark,richtext,t2_130jl9,False,False,[],Low volume = big spread,,,,1628804824,{},h8phlte,False,t3_p38oq7,False,False,t1_h8pd8gi,/r/wallstreetbets/comments/p38oq7/here_you_go_you_sick_fucks_wish/h8phlte/,1628883403.0,4,True,False,wallstreetbets,t5_2th52,,0,[],,,,,,,,,,,,
[],,dasheasy,,,"[{'e': 'text', 't': 'Infant Shitposter'}]",,Infant Shitposter,dark,richtext,t2_8u3xd3dc,False,True,[],Good! First step to become a broker.,,,,1628804824,{},h8phlqx,False,t3_p37krv,False,True,t1_h8pgkjs,/r/wallstreetbets/comments/p37krv/what_are_your_moves_tomorrow_august_13_2021/h8phlqx/,1628883402.0,1,True,False,wallstreetbets,t5_2th52,,0,[],,,,,,,,,,,,
[],,stejerd,,,[],,,,text,t2_4deubcr4,False,False,[],The jig is up. The curtain has been pulled.,,,,1628804824,{},h8phlql,False,t3_p37krv,False,True,t1_h8phboh,/r/wallstreetbets/comments/p37krv/what_are_your_moves_tomorrow_august_13_2021/h8phlql/,1628883402.0,3,True,False,wallstreetbets,t5_2th52,,0,[],,,,,,,,,,,,
[],,johnlifts,,,[],,,,text,t2_87hwhhq,False,False,[],Oh I don‚Äôt have anything with WISH.  Just didn‚Äôt realize how absolutely booty fricked people were,,,,1628804823,{},h8phlne,False,t3_p37krv,False,False,t1_h8ph7hz,/r/wallstreetbets/comments/p37krv/what_are_your_moves_tomorrow_august_13_2021/h8phlne/,1628883400.0,1,True,False,wallstreetbets,t5_2th52,,0,[],,,,,,,,,,,,
[],,Dmoan,,,[],,,,text,t2_13cjv5,False,False,[],MU downgrade by MS is head scratcher there is huge demand for memory with delta delaying return to office and more WFH. Coupled with Windows 11 making IT depts scrambling to replace PCs with compatible models for its employees by next year.,,,,1628804822,{},h8phllb,False,t3_p37krv,False,False,t3_p37krv,/r/wallstreetbets/comments/p37krv/what_are_your_moves_tomorrow_august_13_2021/h8phllb/,1628883399.0,5,True,False,wallstreetbets,t5_2th52,,0,[],,,,,,,,,,,,
[],,lJustLurkingl,,,[],,,,text,t2_c5n52a7s,False,False,[],RIP,,,,1628804819,{},h8phlc9,False,t3_p3719y,False,False,t3_p3719y,/r/wallstreetbets/comments/p3719y/sofi_20k_820_options_up_70_but_holding_through/h8phlc9/,1628883395.0,1,True,False,wallstreetbets,t5_2th52,,0,[],,,,,,,,,,,,
[],,AutoModerator,,,[],,,,text,t2_6l4z3,False,True,[],"Your submission was removed from /r/wallstreetbets due to being too short. All text submissions must be at least 100 characters long.

*I am a bot, and this action was performed automatically. Please [contact the moderators of this subreddit](/message/compose/?to=/r/wallstreetbets) if you have any questions or concerns.*",,,,1628804816,{},h8phl30,False,t3_p39ow9,False,True,t3_p39ow9,/r/wallstreetbets/comments/p39ow9/what_stock_should_i_buy_next/h8phl30/,1628883391.0,1,False,False,wallstreetbets,t5_2th52,,0,[],,,,,,,moderator,,,,,
[],,Jatobi1993,,,[],,,,text,t2_4c5cnwct,False,False,[],Maybe a crash maybe not. At this point in my life I‚Äôm focused on getting good at my career job I got and saving up for a starter house. Or just a good apartment/condo or rv. Anything really,,,,1628804814,{},h8phky6,False,t3_p37krv,False,True,t1_h8phace,/r/wallstreetbets/comments/p37krv/what_are_your_moves_tomorrow_august_13_2021/h8phky6/,1628883389.0,3,True,False,wallstreetbets,t5_2th52,,0,[],,,,,,,,,,,,
[],,Moist_Lunch_5075,,,[],,,,text,t2_1jp6cw2f,False,False,[],ty ty! :),,,,1628804809,{},h8phkie,False,t3_p37krv,False,True,t1_h8pesx6,/r/wallstreetbets/comments/p37krv/what_are_your_moves_tomorrow_august_13_2021/h8phkie/,1628883382.0,1,True,False,wallstreetbets,t5_2th52,,0,[],,,,,,,,,,,,
[],,Spleaster,,,[],,,,text,t2_a0wepahv,False,True,[],üôÑ,,,,1628804806,{},h8phk7z,False,t3_p37krv,False,True,t1_h8pdxum,/r/wallstreetbets/comments/p37krv/what_are_your_moves_tomorrow_august_13_2021/h8phk7z/,1628883378.0,1,True,False,wallstreetbets,t5_2th52,,0,[],,,,,,,,,,,,
[],,Longjumping-Let2337,,,[],,,,text,t2_1y6788zs,False,False,[],And then sell calls on those shares too,,,,1628804805,{},h8phk5p,False,t3_p38oq7,False,False,t1_h8pe1qs,/r/wallstreetbets/comments/p38oq7/here_you_go_you_sick_fucks_wish/h8phk5p/,1628883377.0,11,True,False,wallstreetbets,t5_2th52,,0,[],,,,,,,,,,,,
[],,JinnPhD,,,"[{'e': 'text', 't': ""don't trust his vaccines""}]",,don't trust his vaccines,dark,richtext,t2_2n4vjcfu,False,True,[],That is literally priced in for eternity,,,,1628804804,{},h8phk1r,False,t3_p37krv,False,True,t1_h8phe7o,/r/wallstreetbets/comments/p37krv/what_are_your_moves_tomorrow_august_13_2021/h8phk1r/,1628883375.0,1,True,False,wallstreetbets,t5_2th52,,0,[],,,,,,,,,,,,
[],,DayMack8006,transparent,,"[{'e': 'text', 't': 'chief librarian of jacking off'}]",78806c26-46a2-11e9-82c1-0ee7a9b74720,chief librarian of jacking off,dark,richtext,t2_cl8mko7c,False,False,[],R.Kelly wants STD charges dropped in federal case. HOOD bagholders wants their losses dropped in their HOOD account. Welcome to HOOD life playa.,,,,1628804803,{},h8phjxy,False,t3_p37krv,False,False,t3_p37krv,/r/wallstreetbets/comments/p37krv/what_are_your_moves_tomorrow_august_13_2021/h8phjxy/,1628883373.0,11,True,False,wallstreetbets,t5_2th52,,0,[],,,,,,,,,,,,
[],,IndividualAge8731,,,[],,,,text,t2_7f4xiyap,False,False,[],I slept all day what happened? üò£,,,,1628804802,{},h8phjwj,False,t3_p37krv,False,True,t3_p37krv,/r/wallstreetbets/comments/p37krv/what_are_your_moves_tomorrow_august_13_2021/h8phjwj/,1628883373.0,2,True,False,wallstreetbets,t5_2th52,,0,[],,,,,,,,,,,,
[],,steaveaseageal,,,[],,,,text,t2_2e698vdm,False,False,[],Where is your da best fintech sofi now? Or that shitty wish? üòÅ,,,,1628804802,{},h8phjv7,False,t3_p37krv,False,True,t3_p37krv,/r/wallstreetbets/comments/p37krv/what_are_your_moves_tomorrow_august_13_2021/h8phjv7/,1628883372.0,-2,True,False,wallstreetbets,t5_2th52,,0,[],,,,,,,,,,,,
[],,Webhead24-7,,,[],,,,text,t2_5p8qfvzm,False,False,[],Double down? Lol,,,,1628804801,{},h8phjsk,False,t3_p396oe,False,False,t3_p396oe,/r/wallstreetbets/comments/p396oe/i_really_wish_things_change_for_the_better_soon/h8phjsk/,1628883371.0,4,True,False,wallstreetbets,t5_2th52,,0,[],,,,,,,,,,,,
[],,69PutsOnYourPuts69,transparent,,"[{'e': 'text', 't': ' Ëã∫ ‰π≥'}]",cc183114-b65f-11eb-b127-0ed4b24d2baf, Ëã∫ ‰π≥,dark,richtext,t2_8o91qf51,False,True,[],"I found this one

https://www.reddit.com/r/wallstreetbets/comments/p2w1f3/fraternal_association_of_gambling_gentlemen_and/h8p1osu?utm_medium=android_app&amp;utm_source=share&amp;context=3",,,,1628804800,{},h8phjpk,False,t3_p2w1f3,False,False,t1_h8pgs31,/r/wallstreetbets/comments/p2w1f3/fraternal_association_of_gambling_gentlemen_and/h8phjpk/,1628883370.0,3,True,False,wallstreetbets,t5_2th52,,0,[],,,,,,,,,,,,
[],,therealcosmicl,,,[],,,,text,t2_8dmnrrts,False,False,[],Played nice safe calls all week then decided to put my whole account into 8/13 446s  15 mins before close ü•¥,,,,1628804798,{},h8phjjf,False,t3_p37krv,False,False,t3_p37krv,/r/wallstreetbets/comments/p37krv/what_are_your_moves_tomorrow_august_13_2021/h8phjjf/,1628883367.0,5,True,False,wallstreetbets,t5_2th52,,0,[],,,,,,,,,,,,
[],,DeltaVx_,,,[],,,,text,t2_b94o5dh,False,False,[],enjoy your ban,,,,1628804797,{},h8phjh4,False,t3_p39o5l,False,False,t3_p39o5l,/r/wallstreetbets/comments/p39o5l/keanu_inu/h8phjh4/,1628883366.0,6,True,False,wallstreetbets,t5_2th52,,0,[],,,,,,,,,,,,
[],,IronSheets,,,[],,,,text,t2_o397rrz,False,False,[],Opportunity to offset cap gains?,,,,1628804795,{},h8phj98,False,t3_p37krv,False,True,t1_h8phboh,/r/wallstreetbets/comments/p37krv/what_are_your_moves_tomorrow_august_13_2021/h8phj98/,1628883363.0,2,True,False,wallstreetbets,t5_2th52,,0,[],,,,,,,,,,,,
[],,[deleted],,,,,,dark,,,,,[],[deleted],,DELETED,,1628804795,{},h8phj8g,False,t3_p37krv,False,True,t3_p37krv,/r/wallstreetbets/comments/p37krv/what_are_your_moves_tomorrow_august_13_2021/h8phj8g/,1628883363.0,2,True,False,wallstreetbets,t5_2th52,,0,[],,,,,,,,,,,,
[],,[deleted],,,,,,dark,,,,,[],[removed],,DELETED,,1628804794,{},h8phj5q,False,t3_p1erj5,False,True,t1_h8o3yin,/r/wallstreetbets/comments/p1erj5/clov_gamma_squeeze_calculator_millions_of_shares/h8phj5q/,1628883362.0,1,True,False,wallstreetbets,t5_2th52,,0,[],,,,,,,,,,,,
[],,baddad49,,,[],,,,text,t2_bp2ynox6,False,False,[],"shhh, it's called ""negative"" eps, not loss per share",,,,1628804793,{},h8phj45,False,t3_p37krv,False,True,t1_h8pg2ig,/r/wallstreetbets/comments/p37krv/what_are_your_moves_tomorrow_august_13_2021/h8phj45/,1628883361.0,2,True,False,wallstreetbets,t5_2th52,,0,[],,,,,,,,,,,,
[],,Gamma_Wolf_69,,,[],,,,text,t2_918hmx5w,False,False,[],You‚Äôre probably bagholding memes like CLOV/AMC,,,,1628804793,{},h8phj3j,False,t3_p37krv,False,True,t1_h8ph4cv,/r/wallstreetbets/comments/p37krv/what_are_your_moves_tomorrow_august_13_2021/h8phj3j/,1628883361.0,1,True,False,wallstreetbets,t5_2th52,,0,[],,,,,,,,,,,,
[],,Bcron,transparent,,"[{'e': 'text', 't': 'SOXL Hobbyist'}]",78806c26-46a2-11e9-82c1-0ee7a9b74720,SOXL Hobbyist,dark,richtext,t2_3no6k,False,False,[],"You scared the fuck out of me, I pulled up MU expecting it to be down another 5% in AH again",,,,1628804792,{},h8phj2a,False,t3_p37krv,False,True,t1_h8pgs7e,/r/wallstreetbets/comments/p37krv/what_are_your_moves_tomorrow_august_13_2021/h8phj2a/,1628883360.0,2,True,False,wallstreetbets,t5_2th52,,0,[],,,,,,,,,,,,
[],,hvxy,,,"[{'e': 'text', 't': 'ü¶ç'}]",,ü¶ç,dark,richtext,t2_fnrbj1k,False,False,[],Good luck brotha!!,,,,1628804790,{},h8phitw,False,t3_p3719y,False,True,t3_p3719y,/r/wallstreetbets/comments/p3719y/sofi_20k_820_options_up_70_but_holding_through/h8phitw/,1628883357.0,1,True,False,wallstreetbets,t5_2th52,,0,[],,,,,,,,,,,,
[],,BeTheNarrative,,,[],,,,text,t2_9a65yl8d,False,False,[],Mostly speculation as the current price is moving based on speculation right now. They are a semiconductors company that is heavily shorted and semiconductor demand is at all time highs,,,,1628804789,{},h8phise,False,t3_p37krv,False,False,t1_h8pglj9,/r/wallstreetbets/comments/p37krv/what_are_your_moves_tomorrow_august_13_2021/h8phise/,1628883356.0,1,True,False,wallstreetbets,t5_2th52,,0,[],,,,,,,,,,,,
[],,[deleted],,,,,,dark,,,,,[],[deleted],,DELETED,,1628804789,{},h8phis2,False,t3_p37krv,False,False,t1_h8phd13,/r/wallstreetbets/comments/p37krv/what_are_your_moves_tomorrow_august_13_2021/h8phis2/,1628883356.0,1,True,False,wallstreetbets,t5_2th52,,0,[],,,,,,,,,,,,
[],,[deleted],,,,,,dark,,,,,[],[removed],,DELETED,,1628804789,{},h8phirc,False,t3_p2y4s0,False,True,t3_p2y4s0,/r/wallstreetbets/comments/p2y4s0/cloverboy/h8phirc/,1628883356.0,1,True,False,wallstreetbets,t5_2th52,,0,[],,,,,,,,,,,,
[],,ThatsHonestlyWildBro,,,[],,,,text,t2_co6voaaq,False,True,[],I'm about to post it again with different verbiage,,,,1628804785,{},h8phigd,False,t3_p37krv,False,False,t1_h8ph9ed,/r/wallstreetbets/comments/p37krv/what_are_your_moves_tomorrow_august_13_2021/h8phigd/,1628883352.0,1,True,False,wallstreetbets,t5_2th52,,0,[],,,,,,,,,,,,
[],,TheRealLifeJesus,,,[],,,,text,t2_ey73lsx,False,False,[],I WISH I was fucking dead,,,,1628804781,{},h8phi2c,False,t3_p37krv,False,False,t3_p37krv,/r/wallstreetbets/comments/p37krv/what_are_your_moves_tomorrow_august_13_2021/h8phi2c/,1628883346.0,27,True,False,wallstreetbets,t5_2th52,,0,[],,,,,,,,,,,,
[],,Reagor_Bombs,transparent,,"[{'e': 'text', 't': 'No Friends. No Enemies. Only Profits.'}]",cc183114-b65f-11eb-b127-0ed4b24d2baf,No Friends. No Enemies. Only Profits.,dark,richtext,t2_bc7bcik4,False,False,[],I don‚Äôt understand straight men,,,,1628804780,{},h8phhzx,False,t3_p37krv,False,True,t1_h8ph5zy,/r/wallstreetbets/comments/p37krv/what_are_your_moves_tomorrow_august_13_2021/h8phhzx/,1628883345.0,0,True,False,wallstreetbets,t5_2th52,,0,[],,,,,,,,,,,,
[],,omnicomputer,,,[],,,,text,t2_3vnx9,False,False,[],‚ÄúI see in your eyes the same FUD that would shake the heart of me‚Äù -Bill Hwang most likely,,,,1628804779,{},h8phhu1,False,t3_ojfro2,False,True,t3_ojfro2,/r/wallstreetbets/comments/ojfro2/bagholders_be_like/h8phhu1/,1628883342.0,1,True,False,wallstreetbets,t5_2th52,,0,[],,,,,,,,,,,,
[],,StockMarketDavid,,,[],,,,text,t2_53jx3yaf,False,False,[],#I bought 200 SPY 443 Puts EXP 08/13. God be with me üôè,,,,1628804778,{},h8phhrp,False,t3_p37krv,False,False,t3_p37krv,/r/wallstreetbets/comments/p37krv/what_are_your_moves_tomorrow_august_13_2021/h8phhrp/,1628883341.0,7,True,False,wallstreetbets,t5_2th52,,0,[],,,,,,,,,,,,
[],,VisualMod,#373c3f,,"[{'a': ':zjz_flair:', 'e': 'emoji', 'u': 'https://emoji.redditmedia.com/b30pkj66das41_t5_2th52/zjz_flair'}]",28fbe25a-7c59-11ea-965e-0e0a65cd3f97,:zjz_flair:,light,richtext,t2_6hf2z55l,False,True,[],"
**User Report**| | | |
:--|:--|:--|:--
**Total Submissions**|7|**First Seen In WSB**|6 months ago
**Total Comments**|0|**Previous DD**|
**Account Age**|1 year|[^scan ^comment ](https://www.reddit.com/message/compose/?to=VisualMod&amp;subject=scan_comment&amp;message=Replace%20this%20text%20with%20a%20comment%20ID%20(which%20looks%20like%20*h26cq3k*)%20to%20have%20the%20bot%20scan%20your%20comment%20and%20correct%20your%20first%20seen%20date.)|[^scan ^submission ](https://www.reddit.com/message/compose/?to=VisualMod&amp;subject=scan_submission&amp;message=Replace%20this%20text%20with%20a%20submission%20ID%20(which%20looks%20like%20*h26cq3k*)%20to%20have%20the%20bot%20scan%20your%20submission%20and%20correct%20your%20first%20seen%20date.)",,,,1628804778,{},h8phhrj,False,t3_p39o5l,False,False,t3_p39o5l,/r/wallstreetbets/comments/p39o5l/keanu_inu/h8phhrj/,1628883341.0,1,True,True,wallstreetbets,t5_2th52,,0,[],,,,,,,moderator,,,,,
[],,Aether_wolf,,,[],,,,text,t2_wwmk6xm,False,False,[],Well to be fair most of them are self proclaimed retards.,,,,1628804775,{},h8phhkn,False,t3_p2ydw5,False,False,t1_h8pf1z4,/r/wallstreetbets/comments/p2ydw5/daily_popular_tickers_thread_for_august_12_2021/h8phhkn/,1628883338.0,13,True,False,wallstreetbets,t5_2th52,,0,[],,,,,,,,,,,,
[],,[deleted],,,,,,dark,,,,,[],[removed],,DELETED,,1628804774,{},h8phhic,False,t3_p38uqm,False,True,t3_p38uqm,/r/wallstreetbets/comments/p38uqm/anyone_hiring_wish/h8phhic/,1628883337.0,1,True,False,wallstreetbets,t5_2th52,,0,[],,,,,,,,,,,,
[],,Mr_Canada1867,,,[],,,,text,t2_5azxt1yn,False,False,[],"it'll get better sweetie, I promise",,,,1628804773,{},h8phhed,False,t3_p37krv,False,True,t1_h8pgfks,/r/wallstreetbets/comments/p37krv/what_are_your_moves_tomorrow_august_13_2021/h8phhed/,1628883336.0,2,True,False,wallstreetbets,t5_2th52,,0,[],,,,,,,,,,,,
[],,SanderVdW,,,[],,,,text,t2_2xp1yh8n,False,True,[],Can't go wrong,,,,1628804771,{},h8phh87,False,t3_p37krv,False,True,t1_h8phaut,/r/wallstreetbets/comments/p37krv/what_are_your_moves_tomorrow_august_13_2021/h8phh87/,1628883333.0,2,True,False,wallstreetbets,t5_2th52,,0,[],,,,,,,,,,,,
[],,lijijil,,,[],,,,text,t2_5tabfi4k,False,False,[],"Bought calls

Sorry guys I tanked it",,,,1628804771,{},h8phh80,False,t3_p39k8x,False,False,t3_p39k8x,/r/wallstreetbets/comments/p39k8x/wish_after_earnings/h8phh80/,1628883333.0,81,True,False,wallstreetbets,t5_2th52,,0,[],,,,,,,,,,,,
[],,1600hazenstreet,,,[],,,,text,t2_7478472n,False,False,[],What strike?  And good luck.,,,,1628804769,{},h8phh2w,False,t3_p2ydw5,False,False,t1_h8pgil9,/r/wallstreetbets/comments/p2ydw5/daily_popular_tickers_thread_for_august_12_2021/h8phh2w/,1628883330.0,3,True,False,wallstreetbets,t5_2th52,,0,[],,,,,,,,,,,,
[],,[deleted],,,,,,dark,,,,,[],[removed],,DELETED,,1628804769,{},h8phh1i,False,t3_p37krv,False,True,t1_h8pgy4d,/r/wallstreetbets/comments/p37krv/what_are_your_moves_tomorrow_august_13_2021/h8phh1i/,1628883330.0,1,True,False,wallstreetbets,t5_2th52,,0,[],,,,,,,,,,,,
[],,dasheasy,,,"[{'e': 'text', 't': 'Infant Shitposter'}]",,Infant Shitposter,dark,richtext,t2_8u3xd3dc,False,True,[],will be --&gt; are,,,,1628804768,{},h8phh04,False,t3_p37krv,False,True,t1_h8pglx7,/r/wallstreetbets/comments/p37krv/what_are_your_moves_tomorrow_august_13_2021/h8phh04/,1628883328.0,2,True,False,wallstreetbets,t5_2th52,,0,[],,,,,,,,,,,,
[],,[deleted],,,,,,dark,,,,,[],[removed],,DELETED,,1628804767,{},h8phgvs,False,t3_p39k8x,False,True,t3_p39k8x,/r/wallstreetbets/comments/p39k8x/wish_after_earnings/h8phgvs/,1628883326.0,1,True,False,wallstreetbets,t5_2th52,,0,[],,,,,,,,,,,,
[],,PatrickSebast,,,[],,,,text,t2_57vnuw,False,False,[],Uh...they still saying that they will have products by September or did they give up on that one?,,,,1628804767,{},h8phgvg,False,t3_p37krv,False,True,t1_h8pgncq,/r/wallstreetbets/comments/p37krv/what_are_your_moves_tomorrow_august_13_2021/h8phgvg/,1628883326.0,0,True,False,wallstreetbets,t5_2th52,,0,[],,,,,,,,,,,,
[],,[deleted],,,,,,dark,,,,,[],[removed],,DELETED,,1628804766,{},h8phgta,False,t3_p37krv,False,True,t3_p37krv,/r/wallstreetbets/comments/p37krv/what_are_your_moves_tomorrow_august_13_2021/h8phgta/,1628883325.0,1,True,False,wallstreetbets,t5_2th52,,0,[],,,,,,,,,,,,
[],,regarding_your_cat,,,"[{'e': 'text', 't': 'Anton Chigurh'}]",,Anton Chigurh,dark,richtext,t2_d9scq,False,False,[],"What do you mean, deleted accounts? This account isn‚Äôt going anywhere. And also any time anybody told you that in the last two months, they‚Äôve been right. It‚Äôs been going downhill pretty steady since June 8th",,,,1628804765,{},h8phgpf,False,t3_p37krv,False,True,t1_h8ph5aw,/r/wallstreetbets/comments/p37krv/what_are_your_moves_tomorrow_august_13_2021/h8phgpf/,1628883323.0,1,True,False,wallstreetbets,t5_2th52,,0,[],,,,,,,,,,,,
[],,Nadeko-Sengoku,,,[],,,,text,t2_5ztvphla,False,False,,August 20 $14 and $15 Calls. Take a look at stats on them.,,,,1628804765,{},h8phgp4,False,t3_p396oe,False,True,t3_p396oe,/r/wallstreetbets/comments/p396oe/i_really_wish_things_change_for_the_better_soon/h8phgp4/,,1,True,False,wallstreetbets,t5_2th52,,0,[],False,26413f450cfa7fe642409f73b4200e1a8416321e,True,False,,0.0,,0.0,1628804777.0,False,r/wallstreetbets,public
[],,foxhalo,,,[],,,,text,t2_9sc4lv72,False,False,[],F,,,,1628804764,{},h8phgns,False,t3_p3719y,False,False,t1_h8p2xy8,/r/wallstreetbets/comments/p3719y/sofi_20k_820_options_up_70_but_holding_through/h8phgns/,1628883323.0,9,True,False,wallstreetbets,t5_2th52,,0,[],,,,,,,,,,,,
[],,Jww2124,,,[],,,,text,t2_hfnoj,False,False,[],What time does the wish loss porn get uploaded?,,,,1628804763,{},h8phgks,False,t3_p37krv,False,False,t3_p37krv,/r/wallstreetbets/comments/p37krv/what_are_your_moves_tomorrow_august_13_2021/h8phgks/,1628883322.0,15,True,False,wallstreetbets,t5_2th52,,0,[],,,,,,,,,,,,
[],,BurningOrangeHeaven,,,[],,,,text,t2_118c0p,False,False,[],"Sold my disney 175/187.50 call spreads but kept my sofi shares, guhhh",,,,1628804755,{},h8phfu0,False,t3_p37krv,False,False,t3_p37krv,/r/wallstreetbets/comments/p37krv/what_are_your_moves_tomorrow_august_13_2021/h8phfu0/,1628883311.0,5,True,False,wallstreetbets,t5_2th52,,0,[],,,,,,,,,,,,
[],,Country_Gravy420,,,[],,,,text,t2_7b8xfvo0,False,False,[],$wish you $sofi fuckers will post some loss porn tomorrow,,,,1628804754,{},h8phfql,False,t3_p37krv,False,False,t3_p37krv,/r/wallstreetbets/comments/p37krv/what_are_your_moves_tomorrow_august_13_2021/h8phfql/,1628883309.0,5,True,False,wallstreetbets,t5_2th52,,0,[],,,,,,,,,,,,
[],,[deleted],,,,,,dark,,,,,[],[deleted],,DELETED,,1628804754,{},h8phfqk,False,t3_p37krv,False,True,t3_p37krv,/r/wallstreetbets/comments/p37krv/what_are_your_moves_tomorrow_august_13_2021/h8phfqk/,1628883309.0,1,True,False,wallstreetbets,t5_2th52,,0,[],,,,,,,,,,,,
[],,[deleted],,,,,,dark,,,,,[],[removed],,DELETED,,1628804753,{},h8phfo5,False,t3_p2ydw5,False,True,t1_h8p7edp,/r/wallstreetbets/comments/p2ydw5/daily_popular_tickers_thread_for_august_12_2021/h8phfo5/,1628883308.0,1,True,False,wallstreetbets,t5_2th52,,0,[],,,,,,,,,,,,
[],,IronSheets,,,[],,,,text,t2_o397rrz,False,False,[],Of course they will. It's not calling a top if you can't nail the date.,,,,1628804752,{},h8phfjz,False,t3_p37krv,False,False,t1_h8ph9rd,/r/wallstreetbets/comments/p37krv/what_are_your_moves_tomorrow_august_13_2021/h8phfjz/,1628883306.0,8,True,False,wallstreetbets,t5_2th52,,0,[],,,,,,,,,,,,
[],,Internal-Street,,,[],,,,text,t2_5jqoeumj,False,False,[],Not those who didn‚Äôt buy it,,,,1628804752,{},h8phfje,False,t3_p37krv,False,True,t1_h8pgkjs,/r/wallstreetbets/comments/p37krv/what_are_your_moves_tomorrow_august_13_2021/h8phfje/,1628883306.0,1,True,False,wallstreetbets,t5_2th52,,0,[],,,,,,,,,,,,
[],,Reagor_Bombs,transparent,,"[{'e': 'text', 't': 'No Friends. No Enemies. Only Profits.'}]",cc183114-b65f-11eb-b127-0ed4b24d2baf,No Friends. No Enemies. Only Profits.,dark,richtext,t2_bc7bcik4,False,False,[],A steal,,,,1628804751,{},h8phfh3,False,t3_p37krv,False,False,t1_h8ph37g,/r/wallstreetbets/comments/p37krv/what_are_your_moves_tomorrow_august_13_2021/h8phfh3/,1628883306.0,5,True,False,wallstreetbets,t5_2th52,,0,[],,,,,,,,,,,,
[],,[deleted],,,,,,dark,,,,,[],[removed],,DELETED,,1628804749,{},h8phfbu,False,t3_p37krv,False,True,t3_p37krv,/r/wallstreetbets/comments/p37krv/what_are_your_moves_tomorrow_august_13_2021/h8phfbu/,1628883304.0,1,True,False,wallstreetbets,t5_2th52,,0,[],,,,,,,,,,,,
[],,Ghost-1969,,,[],,,,text,t2_5ibw0m91,False,False,[],Let the bodies hit the floor,,,,1628804748,{},h8phf9p,False,t3_p37krv,False,False,t3_p37krv,/r/wallstreetbets/comments/p37krv/what_are_your_moves_tomorrow_august_13_2021/h8phf9p/,1628883303.0,10,True,False,wallstreetbets,t5_2th52,,0,[],,,,,,,,,,,,
[],,[deleted],,,,,,dark,,,,,[],[removed],,DELETED,,1628804748,{},h8phf8k,False,t3_p37krv,False,True,t1_h8ph4bv,/r/wallstreetbets/comments/p37krv/what_are_your_moves_tomorrow_august_13_2021/h8phf8k/,1628883302.0,1,True,False,wallstreetbets,t5_2th52,,0,[],,,,,,,,,,,,
[],,Strict-Wrangler3721,,,[],,,,text,t2_88w649b3,False,False,[],"SOFI fair value is $21 , i like this dip.",,,,1628804747,{},h8phf42,False,t3_p37krv,False,False,t3_p37krv,/r/wallstreetbets/comments/p37krv/what_are_your_moves_tomorrow_august_13_2021/h8phf42/,1628883300.0,9,True,False,wallstreetbets,t5_2th52,,0,[],,,,,,,,,,,,
[],,SkyrimNewb,,,[],,,,text,t2_6c38v,False,False,[],Sus,,,,1628804746,{},h8phf17,False,t3_p37krv,False,False,t1_h8ph7vl,/r/wallstreetbets/comments/p37krv/what_are_your_moves_tomorrow_august_13_2021/h8phf17/,1628883299.0,4,True,False,wallstreetbets,t5_2th52,,0,[],,,,,,,,,,,,
[],,Queasy-Scene-6484,,,[],,,,text,t2_74fwd7bd,False,False,[],"Probably, but I'm well over 100k and had a margin call of \~2k. I think I got a settlement violation by selling the wrong thing, but that should trigger a 90 day freeze, not account closure, right?",,,,1628804745,{},h8phezo,False,t3_p37krv,False,True,t1_h8pgsl9,/r/wallstreetbets/comments/p37krv/what_are_your_moves_tomorrow_august_13_2021/h8phezo/,1628883298.0,1,True,False,wallstreetbets,t5_2th52,,0,[],,,,,,,,,,,,
